<?xml version="1.0" encoding="UTF-8"?>
<sk:systemKeys xmlns:sk="http://pingidentity.com/2018/01/system-keys">
    <sk:currentKey>
        <sk:key>eyJhbGciOiJkaXIiLCJlbmMiOiJBMTI4Q0JDLUhTMjU2Iiwia2lkIjoiaXVGalRUZktKbiIsInZlcnNpb24iOiI5LjIuMS4xIiwiemlwIjoiREVGIn0..B22tSIh8LqWSL6rSLyNkGQ.oFl49J-G15bz8yOgJKUp4mtcy3gI6QIQpHDUt6j1G_fh_Do3E2uQnGxLGLB_GVlu.TNNHR2AxAjhhOCWj875-Og</sk:key>
        <sk:generatedTime>2019-04-10T01:12:30.453Z</sk:generatedTime>
    </sk:currentKey>
    <sk:previousKey xsi:nil="true" xmlns:xsi="http://www.w3.org/2001/XMLSchema-instance"/>
    <sk:pendingKey>
        <sk:key>eyJhbGciOiJkaXIiLCJlbmMiOiJBMTI4Q0JDLUhTMjU2Iiwia2lkIjoiaXVGalRUZktKbiIsInZlcnNpb24iOiI5LjIuMS4xIiwiemlwIjoiREVGIn0..6Jt866lTKe51w8yge66lQQ.6uuQJb0DkLl3ictEmo0X-gdqpPhZfAeLnKRzOob5dr73B18TufYjOf2hx-cW27Td.Q4rWPJ81UbFIPozuryTlOA</sk:key>
        <sk:generatedTime>2019-04-10T01:12:30.454Z</sk:generatedTime>
    </sk:pendingKey>
</sk:systemKeys>