<?xml version="1.0" encoding="UTF-8"?>
<sk:systemKeys xmlns:sk="http://pingidentity.com/2018/01/system-keys">
    <sk:currentKey>
        <sk:key>eyJhbGciOiJkaXIiLCJlbmMiOiJBMTI4Q0JDLUhTMjU2Iiwia2lkIjoiUjlQTUluYWtKQiIsInZlcnNpb24iOiI5LjIuMS4xIiwiemlwIjoiREVGIn0..YZe1c00tqDTAnZiWQERAvg.1Vw4bCcVM6SjJwPwYzKsknL5ihK67RgwinimGo-QmUyuqV4uxxFHmd-nW2StpjJI.3EEF7pKUEem_pW4cOjLlAw</sk:key>
        <sk:generatedTime>2019-04-10T18:23:05.766Z</sk:generatedTime>
    </sk:currentKey>
    <sk:previousKey xsi:nil="true" xmlns:xsi="http://www.w3.org/2001/XMLSchema-instance"/>
    <sk:pendingKey>
        <sk:key>eyJhbGciOiJkaXIiLCJlbmMiOiJBMTI4Q0JDLUhTMjU2Iiwia2lkIjoiUjlQTUluYWtKQiIsInZlcnNpb24iOiI5LjIuMS4xIiwiemlwIjoiREVGIn0..eLskHT0Jwl6KwuVkMHzMMQ.8b3KtCRvXSQyl-Mh4eg2qzmVIIA5xSoHg6n9WDYoA3ddkN9ooeYCkGm-mTunrJSP.z1e9rZLh1LemrHSkAvIFGg</sk:key>
        <sk:generatedTime>2019-04-10T18:23:05.768Z</sk:generatedTime>
    </sk:pendingKey>
</sk:systemKeys>